interest_id,interest
1,Drawing and Sketching
2,Digital Art and Illustration
3,3D Modeling and Animation
4,Video Editing and Visual Effects
5,Designing User Interfaces
6,Designing User Experiences
7,Creating Mobile Apps
8,Building Websites
9,Creating Video Games
10,Programming and Coding
11,Scripting and Automation
12,Problem Solving and Logical Thinking
13,Mathematics and Algorithms
14,Artificial Intelligence and Chatbots
15,Machine Learning and Deep Learning
16,Computer Vision and Image Processing
17,Natural Language Processing
18,Data Analysis and Data Visualization
19,Big Data Processing
20,Cybersecurity and Ethical Hacking
21,Investigating Digital Crimes
22,Network Engineering and Infrastructure
23,Cloud Computing and DevOps
24,Building Distributed Systems
25,Blockchain and Cryptocurrency
26,Developing Smart Contracts
27,Robotics and Automation
28,Building Autonomous Vehicles
29,Building Smart Devices (IoT)
30,Embedded Systems Programming
31,Operating Systems and System Internals
32,Testing Software and Debugging
33,Quality Assurance and Automation Testing
34,Game Engine Development
35,Graphics Programming
36,Simulation and Physics Engines
37,Virtual Reality Development
38,Augmented Reality Development
39,Metaverse and Immersive Systems
40,Researching Future Technologies
41,Quantum Computing Research
42,Human Computer Interaction
43,Designing Digital Experiences
44,Working with Databases
45,Building APIs and Backend Systems
46,Developing Scalable Platforms
47,Working with Cloud Infrastructure
48,DevOps and Continuous Integration
49,Working with Open Source Software
50,Teaching or Explaining Technical Concepts
